Country,Year,Forecast_Value,Metric,Model
BHR,2023,19164263.36161091,Total,Linear
DZA,2023,39575144.1119422,Total,Linear
EGY,2023,69440006.25915198,Total,Linear
IRQ,2023,82842243.74258712,Total,Linear
JOR,2023,23229329.07846928,Total,Linear
KSA,2023,223157453.57021138,Total,Linear
KWT,2023,34388733.250425935,Total,Linear
LBN,2023,16173387.950538555,Total,Linear
LBY,2023,21050724.318098333,Total,Linear
MAR,2023,80510266.39310507,Total,Linear
OMN,2023,35683992.59021226,Total,Linear
QAT,2023,35150022.80703108,Total,Linear
SD,2023,9025493.273343574,Total,Linear
UEA,2023,429028542.0144727,Total,Linear
YEM,2023,12936288.858119935,Total,Linear
BHR,2023,197569.72537743207,Average,Linear
DZA,2023,407991.1764117753,Average,Linear
EGY,2023,723333.3985328331,Average,Linear
IRQ,2023,854043.7499235786,Average,Linear
JOR,2023,244519.25345757138,Average,Linear
KSA,2023,2300592.30484754,Average,Linear
KWT,2023,354523.02320026734,Average,Linear
LBN,2023,166735.9582529748,Average,Linear
LBY,2023,217017.77647524053,Average,Linear
MAR,2023,830002.7463206708,Average,Linear
OMN,2023,371708.2561480444,Average,Linear
QAT,2023,362371.3691446503,Average,Linear
SD,2023,94015.55493066223,Average,Linear
UEA,2023,4422974.659943018,Average,Linear
YEM,2023,133363.80266103026,Average,Linear
BHR,2024,21437057.53259127,Total,Linear
DZA,2024,44042717.05674189,Total,Linear
EGY,2024,75812056.45539077,Total,Linear
IRQ,2024,90249338.10437207,Total,Linear
JOR,2024,25901301.83185792,Total,Linear
KSA,2024,239877563.03464156,Total,Linear
KWT,2024,38149879.38533826,Total,Linear
LBN,2024,18446214.83282385,Total,Linear
LBY,2024,24012982.32007238,Total,Linear
MAR,2024,87195410.75159164,Total,Linear
OMN,2024,39606187.46005587,Total,Linear
QAT,2024,38937280.998568945,Total,Linear
SD,2024,10741065.920362752,Total,Linear
UEA,2024,460203299.9130391,Total,Linear
YEM,2024,15238274.476867456,Total,Linear
BHR,2024,221000.59311949761,Average,Linear
DZA,2024,454048.62945094734,Average,Linear
EGY,2024,789708.9214103204,Average,Linear
IRQ,2024,930405.5474677533,Average,Linear
JOR,2024,272645.2824406097,Average,Linear
KSA,2024,2472964.5673674387,Average,Linear
KWT,2024,393297.72562204394,Average,Linear
LBN,2024,190167.16322498815,Average,Linear
LBY,2024,247556.51876363278,Average,Linear
MAR,2024,898921.760325687,Average,Linear
OMN,2024,412564.45270891534,Average,Linear
QAT,2024,401415.26802648394,Average,Linear
SD,2024,111886.103337112,Average,Linear
UEA,2024,4744363.916629269,Average,Linear
YEM,2024,157095.61316358202,Average,Linear
BHR,2025,23932896.76589347,Total,Linear
DZA,2025,49015729.42737254,Total,Linear
EGY,2025,82827412.32648501,Total,Linear
IRQ,2025,98481039.8199236,Total,Linear
JOR,2025,28820022.69825474,Total,Linear
KSA,2025,258326645.15880468,Total,Linear
KWT,2025,42322158.50535707,Total,Linear
LBN,2025,20943077.11112343,Total,Linear
LBY,2025,27242250.325325366,Total,Linear
MAR,2025,94574374.15286691,Total,Linear
OMN,2025,43973835.425755724,Total,Linear
QAT,2025,43100741.69223771,Total,Linear
SD,2025,12701338.497879159,Total,Linear
UEA,2025,493899086.1740591,Total,Linear
YEM,2025,17787077.969751664,Total,Linear
BHR,2025,246730.89449374712,Average,Linear
DZA,2025,505316.79822033545,Average,Linear
EGY,2025,862785.5450675521,Average,Linear
IRQ,2025,1015268.4517517897,Average,Linear
JOR,2025,303368.6599816289,Average,Linear
KSA,2025,2663161.2902969555,Average,Linear
KWT,2025,436310.9124263616,Average,Linear
LBN,2025,215908.01145488073,Average,Linear
LBY,2025,280847.94149819965,Average,Linear
MAR,2025,974993.5479677002,Average,Linear
OMN,2025,458060.7856849555,Average,Linear
QAT,2025,444337.5432189455,Average,Linear
SD,2025,132305.6093529079,Average,Linear
UEA,2025,5091743.156433599,Average,Linear
YEM,2025,183371.93783249139,Average,Linear
BHR,2026,26688456.945072655,Total,Linear
DZA,2026,54574339.440348834,Total,Linear
EGY,2026,90583977.78518604,Total,Linear
IRQ,2026,107655292.46501812,Total,Linear
JOR,2026,32031232.69520892,Total,Linear
KSA,2026,278705732.0548426,Total,Linear
KWT,2026,46972951.73784955,Total,Linear
LBN,2026,23707471.104466584,Total,Linear
LBY,2026,30793504.013782524,Total,Linear
MAR,2026,102742721.868067,Total,Linear
OMN,2026,48856692.6081355,Total,Linear
QAT,2026,47706829.6357208,Total,Linear
SD,2026,14942424.472508237,Total,Linear
UEA,2026,530358957.5226246,Total,Linear
YEM,2026,20630459.330789,Total,Linear
BHR,2026,275138.7313925016,Average,Linear
DZA,2026,562622.0560860705,Average,Linear
EGY,2026,943583.1019290212,Average,Linear
IRQ,2026,1109848.375928022,Average,Linear
JOR,2026,337170.87047588336,Average,Linear
KSA,2026,2873254.9696375523,Average,Linear
KWT,2026,484257.23441082006,Average,Linear
LBN,2026,244406.91860274828,Average,Linear
LBY,2026,317458.80426579923,Average,Linear
MAR,2026,1059203.3182274948,Average,Linear
OMN,2026,508923.8813347448,Average,Linear
QAT,2026,491822.98593526596,Average,Linear
SD,2026,155650.2549219608,Average,Linear
UEA,2026,5467618.118789945,Average,Linear
YEM,2026,212685.14774009277,Average,Linear
BHR,2027,29744650.850979764,Total,Linear
DZA,2027,60809545.58295518,Total,Linear
EGY,2027,99191694.26611768,Total,Linear
IRQ,2027,117907139.52469939,Total,Linear
JOR,2027,35585476.50305762,Total,Linear
KSA,2027,301244778.3982173,Total,Linear
KWT,2027,52178548.78248529,Total,Linear
LBN,2027,26787631.20683088,Total,Linear
LBY,2027,34727055.52587914,Total,Linear
MAR,2027,111808920.1170204,Total,Linear
OMN,2027,54334024.99185834,Total,Linear
QAT,2027,52829887.09589278,Total,Linear
SD,2027,17505993.137560513,Total,Linear
UEA,2027,569848802.2816999,Total,Linear
YEM,2027,23821519.211104628,Total,Linear
BHR,2027,306645.88506164704,Average,Linear
DZA,2027,626902.531783043,Average,Linear
EGY,2027,1033246.8152720592,Average,Linear
IRQ,2027,1215537.5208731897,Average,Linear
JOR,2027,374583.96319008025,Average,Linear
KSA,2027,3105616.2721465705,Average,Linear
KWT,2027,537923.1833245907,Average,Linear
LBN,2027,276161.146462174,Average,Linear
LBY,2027,358010.8817100942,Average,Linear
MAR,2027,1152669.2795569114,Average,Linear
OMN,2027,565979.4269985243,Average,Linear
QAT,2027,544638.0112978637,Average,Linear
SD,2027,182354.095182922,Average,Linear
UEA,2027,5874729.920429896,Average,Linear
YEM,2027,245582.67227942916,Average,Linear
BHR,2028,33147505.214262985,Total,Linear
DZA,2028,67825221.06088963,Total,Linear
EGY,2028,108774840.99673901,Total,Linear
IRQ,2028,129391684.23173702,Total,Linear
JOR,2028,39539243.13422977,Total,Linear
KSA,2028,326206768.7556982,Total,Linear
KWT,2028,58025895.38189059,Total,Linear
LBN,2028,30237646.80286484,Total,Linear
LBY,2028,39109967.99264265,Total,Linear
MAR,2028,121896538.31947967,Total,Linear
OMN,2028,60496381.956898525,Total,Linear
QAT,2028,58553919.9201301,Total,Linear
SD,2028,20440159.870942667,Total,Linear
UEA,2028,612660374.3847669,Total,Linear
YEM,2028,27419911.153669626,Total,Linear
BHR,2028,341726.85787899984,Average,Linear
DZA,2028,699229.083101955,Average,Linear
EGY,2028,1133071.2603826982,Average,Linear
IRQ,2028,1333934.8889869796,Average,Linear
JOR,2028,416202.5593076818,Average,Linear
KSA,2028,3362956.3789247237,Average,Linear
KWT,2028,598205.1070297998,Average,Linear
LBN,2028,311728.3175553076,Average,Linear
LBY,2028,403195.5463159036,Average,Linear
MAR,2028,1256665.3434997904,Average,Linear
OMN,2028,630170.6453843596,Average,Linear
QAT,2028,603648.6589704134,Average,Linear
SD,2028,212918.33198898612,Average,Linear
UEA,2028,6316086.333863577,Average,Linear
YEM,2028,282679.49642958376,Average,Linear
BHR,2023,15136495.817077637,Total,XGBoost
DZA,2023,42129694.32714844,Total,XGBoost
EGY,2023,79213595.8123169,Total,XGBoost
IRQ,2023,95129206.66638184,Total,XGBoost
JOR,2023,24738724.688690186,Total,XGBoost
KSA,2023,212190898.41992188,Total,XGBoost
KWT,2023,37349623.15122986,Total,XGBoost
LBN,2023,17550117.655395508,Total,XGBoost
LBY,2023,23809056.418548584,Total,XGBoost
MAR,2023,72246517.21533203,Total,XGBoost
OMN,2023,37756166.67919922,Total,XGBoost
QAT,2023,32200066.696365356,Total,XGBoost
SD,2023,7298033.116531372,Total,XGBoost
UEA,2023,444184702.9958496,Total,XGBoost
YEM,2023,12506048.665176392,Total,XGBoost
BHR,2023,156046.34862966635,Average,XGBoost
DZA,2023,434326.7456407055,Average,XGBoost
EGY,2023,825141.6230449677,Average,XGBoost
IRQ,2023,980713.4707874416,Average,XGBoost
JOR,2023,260407.62830200195,Average,XGBoost
KSA,2023,2187535.0352569264,Average,XGBoost
KWT,2023,385047.66135288513,Average,XGBoost
LBN,2023,180929.04799376812,Average,XGBoost
LBY,2023,245454.18988194416,Average,XGBoost
MAR,2023,744809.4558281653,Average,XGBoost
OMN,2023,393293.4029083252,Average,XGBoost
QAT,2023,331959.45047799335,Average,XGBoost
SD,2023,76021.1782972018,Average,XGBoost
UEA,2023,4579223.742225254,Average,XGBoost
YEM,2023,128928.33675439579,Average,XGBoost
BHR,2024,16475731.480872804,Total,XGBoost
DZA,2024,45567476.59839722,Total,XGBoost
EGY,2024,86764921.83899353,Total,XGBoost
IRQ,2024,103576583.64064209,Total,XGBoost
JOR,2024,27013871.956938785,Total,XGBoost
KSA,2024,229722455.9435254,Total,XGBoost
KWT,2024,40168558.28288468,Total,XGBoost
LBN,2024,19486895.808698732,Total,XGBoost
LBY,2024,26049918.151459962,Total,XGBoost
MAR,2024,79110664.6712207,Total,XGBoost
OMN,2024,41706362.20753357,Total,XGBoost
QAT,2024,34583382.04518417,Total,XGBoost
SD,2024,7985024.555100098,Total,XGBoost
UEA,2024,482064836.704458,Total,XGBoost
YEM,2024,13564513.856679382,Total,XGBoost
BHR,2024,169852.9018646681,Average,XGBoost
DZA,2024,469767.79998347646,Average,XGBoost
EGY,2024,903801.2691561827,Average,XGBoost
IRQ,2024,1067799.8313468257,Average,XGBoost
JOR,2024,284356.5469151451,Average,XGBoost
KSA,2024,2368272.741685829,Average,XGBoost
KWT,2024,414108.84827716165,Average,XGBoost
LBN,2024,200895.83307936837,Average,XGBoost
LBY,2024,268555.857231546,Average,XGBoost
MAR,2024,815573.8625899042,Average,XGBoost
OMN,2024,434441.27299514133,Average,XGBoost
QAT,2024,356529.7118060224,Average,XGBoost
SD,2024,83177.33911562602,Average,XGBoost
UEA,2024,4969740.584582041,Average,XGBoost
YEM,2024,139840.34903793177,Average,XGBoost
BHR,2025,17959600.489655115,Total,XGBoost
DZA,2025,49341169.57238943,Total,XGBoost
EGY,2025,95219370.14429975,Total,XGBoost
IRQ,2025,112977643.8112255,Total,XGBoost
JOR,2025,29555577.29266168,Total,XGBoost
KSA,2025,249080325.9053095,Total,XGBoost
KWT,2025,43234951.639090315,Total,XGBoost
LBN,2025,21693476.266382813,Total,XGBoost
LBY,2025,28572883.35546258,Total,XGBoost
MAR,2025,86853148.26860079,Total,XGBoost
OMN,2025,46185885.935790256,Total,XGBoost
QAT,2025,37191238.057572104,Total,XGBoost
SD,2025,8750395.491771325,Total,XGBoost
UEA,2025,523676890.314089,Total,XGBoost
YEM,2025,14731609.716191705,Total,XGBoost
BHR,2025,185150.5205119084,Average,XGBoost
DZA,2025,508671.8512617467,Average,XGBoost
EGY,2025,991868.4390031224,Average,XGBoost
IRQ,2025,1164717.9774353146,Average,XGBoost
JOR,2025,311111.33992275456,Average,XGBoost
KSA,2025,2567838.4113949435,Average,XGBoost
KWT,2025,445721.15091845684,Average,XGBoost
LBN,2025,223644.08522044137,Average,XGBoost
LBY,2025,294565.807788274,Average,XGBoost
MAR,2025,895393.2811195957,Average,XGBoost
OMN,2025,481102.97849781514,Average,XGBoost
QAT,2025,383414.8253357949,Average,XGBoost
SD,2025,91149.95303928464,Average,XGBoost
UEA,2025,5398730.827980299,Average,XGBoost
YEM,2025,151872.2651153784,Average,XGBoost
BHR,2026,19606487.511051558,Total,XGBoost
DZA,2026,53488504.899093285,Total,XGBoost
EGY,2026,104701681.11906737,Total,XGBoost
IRQ,2026,123463470.60430868,Total,XGBoost
JOR,2026,32401062.708167933,Total,XGBoost
KSA,2026,270491460.46267736,Total,XGBoost
KWT,2026,46572644.20910342,Total,XGBoost
LBN,2026,24212832.48028288,Total,XGBoost
LBY,2026,31420947.847452126,Total,XGBoost
MAR,2026,95605565.33563241,Total,XGBoost
OMN,2026,51277631.39504267,Total,XGBoost
QAT,2026,40047686.407611325,Total,XGBoost
SD,2026,9604297.25158997,Total,XGBoost
UEA,2026,569441167.333606,Total,XGBoost
YEM,2026,16020002.599112093,Total,XGBoost
BHR,2026,202128.73722733566,Average,XGBoost
DZA,2026,551427.8855576627,Average,XGBoost
EGY,2026,1090642.5116569519,Average,XGBoost
IRQ,2026,1272819.284580502,Average,XGBoost
JOR,2026,341063.8179807151,Average,XGBoost
KSA,2026,2788571.7573471894,Average,XGBoost
KWT,2026,480130.35267116927,Average,XGBoost
LBN,2026,249616.82969363793,Average,XGBoost
LBY,2026,323927.2973964137,Average,XGBoost
MAR,2026,985624.384903427,Average,XGBoost
OMN,2026,534141.9936983612,Average,XGBoost
QAT,2026,412862.74647021986,Average,XGBoost
SD,2026,100044.76303739553,Average,XGBoost
UEA,2026,5870527.498284598,Average,XGBoost
YEM,2026,165154.66597022777,Average,XGBoost
BHR,2027,21437431.57382189,Total,XGBoost
DZA,2027,58052010.118502714,Total,XGBoost
EGY,2027,115355724.8942485,Total,XGBoost
IRQ,2027,135185779.48593077,Total,XGBoost
JOR,2027,35593439.92181712,Total,XGBoost
KSA,2027,294216171.8618792,Total,XGBoost
KWT,2027,50208148.424413234,Total,XGBoost
LBN,2027,27095360.7204581,Total,XGBoost
LBY,2027,34644444.62927092,Total,XGBoost
MAR,2027,105521381.52031347,Total,XGBoost
OMN,2027,57078755.40916376,Total,XGBoost
QAT,2027,43179826.31034115,Total,XGBoost
SD,2027,10558324.144519214,Total,XGBoost
UEA,2027,619832804.0236442,Total,XGBoost
YEM,2027,17444036.92819593,Total,XGBoost
BHR,2027,221004.44921465867,Average,XGBoost
DZA,2027,598474.3311185847,Average,XGBoost
EGY,2027,1201622.1343150886,Average,XGBoost
IRQ,2027,1393667.8297518636,Average,XGBoost
JOR,2027,374667.78865070647,Average,XGBoost
KSA,2027,3033156.4109472088,Average,XGBoost
KWT,2027,517609.7775712705,Average,XGBoost
LBN,2027,279333.6156748258,Average,XGBoost
LBY,2027,357159.2229821744,Average,XGBoost
MAR,2027,1087849.2940238502,Average,XGBoost
OMN,2027,594570.3688454558,Average,XGBoost
QAT,2027,445152.84856021806,Average,XGBoost
SD,2027,109982.54317207514,Average,XGBoost
UEA,2027,6390028.90746025,Average,XGBoost
YEM,2027,179835.4322494426,Average,XGBoost
BHR,2028,23476541.964623652,Total,XGBoost
DZA,2028,63079675.6179951,Total,XGBoost
EGY,2028,127347634.5903387,Total,XGBoost
IRQ,2028,148320440.3547962,Total,XGBoost
JOR,2028,39182709.854417294,Total,XGBoost
KSA,2028,320553478.30651456,Total,XGBoost
KWT,2028,54170965.954756215,Total,XGBoost
LBN,2028,30400213.517440826,Total,XGBoost
LBY,2028,38302357.109303385,Total,XGBoost
MAR,2028,116779757.09318368,Total,XGBoost
OMN,2028,63703241.819839776,Total,XGBoost
QAT,2028,46618237.28032523,Total,XGBoost
SD,2028,11625732.43512956,Total,XGBoost
UEA,2028,675389891.4376471,Total,XGBoost
YEM,2028,19019969.46990727,Total,XGBoost
BHR,2028,242026.2058208624,Average,XGBoost
DZA,2028,650305.934206135,Average,XGBoost
EGY,2028,1326537.8603160281,Average,XGBoost
IRQ,2028,1529076.7046886205,Average,XGBoost
JOR,2028,412449.57741491887,Average,XGBoost
KSA,2028,3304675.034087779,Average,XGBoost
KWT,2028,558463.5665438785,Average,XGBoost
LBN,2028,313404.26306640025,Average,XGBoost
LBY,2028,394869.66092065343,Average,XGBoost
MAR,2028,1203915.0215792132,Average,XGBoost
OMN,2028,663575.435623331,Average,XGBoost
QAT,2028,480600.38433324976,Average,XGBoost
SD,2028,121101.37953259959,Average,XGBoost
UEA,2028,6962782.385955125,Average,XGBoost
YEM,2028,196082.1594835801,Average,XGBoost
