Country,Product,Code,Base_2023,F_2028,Pct_Growth_2023_2028,CAGR_2023_2028_%,Direction
BHR,"Products of animal origin, not elsewhere specified or included",5,133.0,27050.79123824682,20238.94078063671,189.51139792344512,Import
BHR,"Aircraft, spacecraft, and parts thereof",88,36467.0,1311644.2667219157,3496.797835637469,104.7308104516114,Import
BHR,Raw hides and skins (other than furskins) and leather,41,481.0,16997.119109151183,3433.7045964971276,104.00745980943826,Import
BHR,Fertilisers,31,3707.0,94612.22283972724,2452.25850660176,91.15467857833475,Import
BHR,Lead and articles thereof,78,156.0,2638.906143577575,1591.6065022933176,76.05966419232087,Import
DZA,Silk,50,1863.0,105578290948.51112,5667111598.792868,3453.6312025810935,Import
DZA,"Umbrellas, sun umbrellas, walking sticks, seat-sticks, whips, riding-crops and parts thereof",66,10119.0,12994151.98232787,128313.40035900651,318.52564004259204,Import
DZA,Meat and edible meat offal,2,37119.0,4340425.097067558,11593.270554345641,159.17147456626114,Import
DZA,Vegetable plaiting materials; vegetable products not elsewhere specified or included,14,1887.0,80918.38061577854,4188.202470364523,112.05819308694296,Import
DZA,Cork and articles of cork,45,401.0,16511.74913548278,4017.6431759308675,110.3438127617065,Import
EGY,"Works of art, collectors' pieces and antiques",97,1173.0,1027783278.5059863,87619957.8436476,1443.550017852584,Import
EGY,Silk,50,92.0,17746.212132974408,19189.361014102615,186.4597234117726,Import
EGY,"Manufactures of straw, of esparto or of other plaiting materials; basketware and wickerwork",46,445.0,22255.10892768531,4901.148073637149,118.68245594784237,Import
EGY,Cork and articles of cork,45,530.0,19311.401475848685,3543.6606558205062,105.2615408030802,Import
EGY,Vegetable plaiting materials; vegetable products not elsewhere specified or included,14,2977.0,52828.91708702543,1674.5689313747207,77.75366941599688,Import
IRQ,Arms and ammunition; parts and accessories thereof,93,15793.0,3949437.189837091,24907.517190129114,201.72695866569677,Import
IRQ,Cork and articles of cork,45,2541.0,158665.2985420663,6144.206947739721,128.6101231666486,Import
IRQ,"Aircraft, spacecraft, and parts thereof",88,216609.0,9206376.73570726,4150.228169516161,111.68127810828695,Import
IRQ,"Oil seeds and oleaginous fruits; miscellaneous grains, seeds and fruit; industrial or medicinal ...",12,645924.0,25363299.486477755,3826.6693119434726,108.3554503746578,Import
IRQ,Photographic or cinematographic goods,37,29718.0,455406.42700867046,1432.4262299235158,72.61395977164504,Import
JOR,Other base metals; cermets; articles thereof,81,273.0,13952.767360104728,5010.903794910157,119.63398490474,Import
JOR,Tin and articles thereof,80,309.0,12135.722656025395,3827.4183352832993,108.36339864717503,Import
JOR,"Works of art, collectors' pieces and antiques",97,586.0,18071.736328125,2983.9140491680887,98.52739916614384,Import
JOR,Raw hides and skins (other than furskins) and leather,41,310.0,3622.576540320337,1068.5730775226893,63.50505170122018,Import
JOR,"Ores, slag and ash",26,1372.0,9074.5232506992,561.4084001967346,45.91298472667027,Import
KSA,"Works of art, collectors' pieces and antiques",97,385403.0,99625450161.9415,25849582.06317582,1109.1802391664694,Import
KSA,"Ores, slag and ash",26,654833.0,40066537.13066452,6018.588576120098,127.68281397534795,Import
KSA,Silk,50,4615.0,101864.99995303017,2107.2589372270895,85.68236405298089,Import
KSA,"Umbrellas, sun umbrellas, walking sticks, seat-sticks, whips, riding-crops and parts thereof",66,13317.0,281542.66887138726,2014.1598623668037,84.08888390359932,Import
KSA,Furskins and artificial fur; manufactures thereof,43,5483.0,92053.36390827381,1578.8868121151522,75.79409528073045,Import
KWT,"Aircraft, spacecraft, and parts thereof",88,279123.0,65786280633.431274,23568821.455211956,1087.047073923094,Import
KWT,Tin and articles thereof,80,755.0,64862.23401303091,8491.024372586875,143.67388652771638,Import
KWT,Cork and articles of cork,45,2074.0,113092.16197494014,5352.852554240123,122.49730292018901,Import
KWT,Furskins and artificial fur; manufactures thereof,43,1372.0,54325.5848741778,3859.590734269519,108.70365739570636,Import
KWT,"Manufactures of straw, of esparto or of other plaiting materials; basketware and wickerwork",46,10795.0,285444.7587059735,2544.2312061692774,92.51292172908538,Import
LBN,Lead and articles thereof,78,13018.0,258786975316.78348,1987916441.0722346,2781.90479418531,Import
LBN,"Ores, slag and ash",26,9.0,124764.09645243676,1386167.7383604085,573.5493529512827,Import
LBN,Tin and articles thereof,80,399.0,47777.207037659464,11874.237352796858,160.4051521127401,Import
LBN,Cork and articles of cork,45,1437.0,32887.97566597282,2188.6552307566335,87.03206757415258,Import
LBN,Musical instruments; parts and accessories of such articles,92,1830.0,33516.13478340045,1731.4827750492047,78.87949811568559,Import
LBY,Raw hides and skins (other than furskins) and leather,41,38.0,32042065.476388212,84321124.93786372,1431.7482096386655,Import
LBY,"Manufactures of straw, of esparto or of other plaiting materials; basketware and wickerwork",46,2356.0,70701769.6609229,3000824.009377033,686.0514979139634,Import
LBY,Cork and articles of cork,45,419.0,6063690.234289974,1447081.4401646715,579.3672338240661,Import
LBY,"Ships, boats and floating structures",89,54918.0,94321426.53633521,171649.56578232133,343.58732639211615,Import
LBY,"Live trees and other plants; bulbs, roots and the like; cut flowers and ornamental foliage",6,13751.0,1095891.391589714,7869.539608680925,140.04167394522474,Import
MAR,"Railway or tramway locomotives, rolling stock and parts thereof; railway or tramway track fixtures ...",86,43898.0,23867460.5714987,54270.26874003075,252.42953423019182,Import
MAR,Arms and ammunition; parts and accessories thereof,93,38532.0,16017717.182148153,41469.90860102811,234.0071886015014,Import
MAR,Live animals,1,291774.0,93312357.05002426,31881.03910904476,216.94106585228553,Import
MAR,Tin and articles thereof,80,2873.0,59567.04432374522,1973.339517011668,83.37244894797794,Import
MAR,Nickel and articles thereof,75,5510.0,95823.00696331155,1639.0745365392295,77.03683598351525,Import
OMN,"Wool, fine or coarse animal hair; horsehair yarn and woven fabric",51,139.0,302253686.07342255,217448595.01685077,1751.2768106372102,Import
OMN,Musical instruments; parts and accessories of such articles,92,3032.0,361168.20786915394,11811.880206766291,160.13336774086687,Import
OMN,Furskins and artificial fur; manufactures thereof,43,90.0,6321.8396188237275,6924.266243137476,134.05622321914402,Import
OMN,"Works of art, collectors' pieces and antiques",97,13877.0,649254.6788225691,4578.638602165952,115.78631566904565,Import
OMN,"Ships, boats and floating structures",89,60170.0,2271958.849993954,3675.89970083755,106.73027860610107,Import
QAT,"Aircraft, spacecraft, and parts thereof",88,1321852.0,11542980402.810032,873143.0259068361,514.0829299212013,Import
QAT,Nickel and articles thereof,75,47821.0,1647251.6978755833,3344.6199324053937,102.96832236065683,Import
QAT,Knitted or crocheted fabrics,60,32730.0,586919.2206195425,1693.214850655492,78.12565132363156,Import
QAT,Lead and articles thereof,78,5527.0,83520.65808353515,1411.1391004801003,72.13171215561324,Import
QAT,"Ships, boats and floating structures",89,219591.0,2973712.231046376,1254.2049678932085,68.39798111380307,Import
SD,Raw hides and skins (other than furskins) and leather,41,68.0,901679696.736825,1325999454.0247426,2557.716640390523,Import
SD,"Wool, fine or coarse animal hair; horsehair yarn and woven fabric",51,8.0,344268.84006499546,4303260.500812443,744.814862942418,Import
SD,Products of the milling industry; malt; starches; inulin; wheat gluten,11,348024.0,29849751.578430705,8476.923309435759,143.59384207950185,Import
SD,"Manufactures of straw, of esparto or of other plaiting materials; basketware and wickerwork",46,1756.0,24527.41372177473,1296.7775467981055,69.44370890934275,Import
SD,Explosives; pyrotechnic products; matches; pyrophoric alloys; certain combustible preparations,36,14223.0,168454.65152390508,1084.3819976369618,63.94506924666381,Import
UEA,"Products of animal origin, not elsewhere specified or included",5,5410.0,74690.47931139938,1280.6003569574748,69.04938543690449,Import
UEA,"Works of art, collectors' pieces and antiques",97,989118.0,12786409.941034433,1192.7082452280144,66.83997026504034,Import
UEA,Cork and articles of cork,45,10824.0,113747.58870348804,950.8831181031786,60.07034577315793,Import
UEA,Silk,50,23964.0,151047.34305816665,530.3093934992767,44.514277473429196,Import
UEA,Special woven fabrics; tufted textile fabrics; lace; tapestries; trimmings; embroidery,58,110932.0,500509.35886114114,351.1857343788457,35.167123588392066,Import
YEM,Raw hides and skins (other than furskins) and leather,41,257.0,1289026881764.5483,501566879964.02655,8610.95499972188,Import
YEM,"Tobacco and manufactured tobacco substitutes; products, whether or not containing nicotine, ...",24,373852.0,871509767.2918276,233016.251161376,371.53562540860537,Import
YEM,"Printed books, newspapers, pictures and other products of the printing industry; manuscripts, ...",49,17394.0,3760077.640616972,21517.095783701116,193.0619731793002,Import
YEM,Furskins and artificial fur; manufactures thereof,43,87.0,3251.127515323533,3636.928178532796,106.30176815742618,Import
YEM,"Aircraft, spacecraft, and parts thereof",88,1488.0,33106.4412406452,2124.8952446670164,85.9781458312535,Import
