Country,Direction,Product,Code,Pred_Growth_XGB_%,World_Growth,World_Import_Rank,Avg_Distance_km,Concentration,Trade_Balance_2023,Growth_2022_2023,Growth_2019_2023
BHR,Import,"Aircraft, spacecraft, and parts thereof",88,90.50312,-3,104.0,10359.0,0.61,52925,148.0,20.0
BHR,Import,Nickel and articles thereof,75,41.218445,16,69.0,6923.0,0.19,-3722,66.0,19.0
BHR,Import,Products of the milling industry; malt; starches; inulin; wheat gluten,11,40.81159,12,120.0,2126.0,0.31,-27604,66.0,14.0
BHR,Import,"Works of art, collectors' pieces and antiques",97,33.583996,3,58.0,5847.0,0.21,-3441,51.0,24.0
BHR,Import,Knitted or crocheted fabrics,60,29.21406,4,123.0,5610.0,0.37,-3164,43.0,34.0
DZA,Import,Silk,50,2725.9463,3,59.0,5011.0,0.97,-1846,4536.0,51.0
DZA,Import,Furskins and artificial fur; manufactures thereof,43,824.4638,-17,135.0,5770.0,0.33,-22,1388.0,-61.0
DZA,Import,Meat and edible meat offal,2,176.89467,6,126.0,6843.0,0.46,-34473,304.0,-45.0
DZA,Import,"Umbrellas, sun umbrellas, walking sticks, seat-sticks, whips, riding-crops and parts thereof",66,149.78496,7,47.0,9017.0,0.89,-10119,284.0,-13.0
DZA,Import,"Manufactures of straw, of esparto or of other plaiting materials; basketware and wickerwork",46,97.718376,4,77.0,5611.0,0.44,-1117,167.0,-21.0
EGY,Import,"Works of art, collectors' pieces and antiques",97,553.44507,3,81.0,3432.0,0.89,-1115,1161.0,-13.0
EGY,Import,"Aircraft, spacecraft, and parts thereof",88,79.53079,-3,32.0,6335.0,0.23,-1054629,112.0,189.0
EGY,Import,Residues and waste from the food industries; prepared animal fodder,23,63.947636,11,42.0,10084.0,0.48,-478409,104.0,17.0
EGY,Import,Miscellaneous manufactured articles,96,43.139374,6,53.0,6794.0,0.6,-946,71.0,3.0
EGY,Import,"Railway or tramway locomotives, rolling stock and parts thereof; railway or tramway track fixtures ...",86,42.901493,8,21.0,5425.0,0.26,-620114,61.0,79.0
IRQ,Import,Arms and ammunition; parts and accessories thereof,93,169.69342,11,58.0,4381.0,0.45,-15793,291.0,-40.0
IRQ,Import,"Products of animal origin, not elsewhere specified or included",5,137.53038,2,113.0,8530.0,0.51,-474,244.0,18.0
IRQ,Import,"Aircraft, spacecraft, and parts thereof",88,113.24264,-3,59.0,8415.0,0.58,-177985,186.0,16.0
IRQ,Import,"Oil seeds and oleaginous fruits; miscellaneous grains, seeds and fruit; industrial or medicinal ...",12,107.56611,13,34.0,8250.0,0.35,-624049,174.0,35.0
IRQ,Import,Cork and articles of cork,45,77.884544,5,56.0,1415.0,0.81,-2538,140.0,21.0
JOR,Import,"Ships, boats and floating structures",89,90.35337,3,140.0,9507.0,0.77,-7061,163.0,36.0
JOR,Import,Nickel and articles thereof,75,87.21703,16,88.0,5117.0,0.3,-1173,142.0,20.0
JOR,Import,"Vehicles other than railway or tramway rolling stock, and parts and accessories thereof",87,26.021286,8,72.0,7082.0,0.19,-2193754,41.0,15.0
JOR,Import,"Salt; sulphur; earths and stone; plastering materials, lime and cement",25,25.742369,14,58.0,1695.0,0.48,792670,38.0,34.0
JOR,Import,"Tobacco and manufactured tobacco substitutes; products, whether or not containing nicotine, ...",24,20.929031,3,74.0,3803.0,0.1,-31524,32.0,15.0
KSA,Import,"Works of art, collectors' pieces and antiques",97,1127.2762,3,16.0,3773.0,0.23,-20551,1867.0,91.0
KSA,Import,"Ores, slag and ash",26,135.15913,10,37.0,2977.0,0.2,-7264,221.0,32.0
KSA,Import,Cork and articles of cork,45,62.562584,5,6.0,6409.0,0.16,-215526,94.0,79.0
KSA,Import,Live animals,1,40.08652,4,5.0,3365.0,0.3,-1341574,64.0,18.0
KSA,Import,"Ships, boats and floating structures",89,35.407307,3,2.0,6555.0,0.27,-2123096,57.0,14.0
KWT,Import,"Aircraft, spacecraft, and parts thereof",88,1096.99,-3,54.0,7656.0,0.35,-278095,1812.0,141.0
KWT,Import,Furskins and artificial fur; manufactures thereof,43,46.85483,-17,57.0,5330.0,0.34,-1366,70.0,52.0
KWT,Import,Cork and articles of cork,45,41.758663,5,58.0,4669.0,0.18,-1960,69.0,3.0
KWT,Import,"Manufactures of straw, of esparto or of other plaiting materials; basketware and wickerwork",46,32.832237,4,32.0,5956.0,0.48,-10725,51.0,14.0
KWT,Import,"Soap, organic surface-active agents, washing preparations, lubricating preparations, artificial ...",34,31.709373,6,48.0,2512.0,0.27,-355671,53.0,0.0
LBN,Import,Lead and articles thereof,78,2489.3533,8,46.0,2444.0,0.28,55841,4131.0,159.0
LBN,Import,Nickel and articles thereof,75,58.80008,16,106.0,4537.0,0.33,-413,93.0,34.0
LBN,Import,Live animals,1,56.31787,4,20.0,4165.0,0.24,-374106,94.0,-2.0
LBN,Import,Arms and ammunition; parts and accessories thereof,93,53.749573,11,56.0,4164.0,0.2,-8703,88.0,9.0
LBN,Import,Tin and articles thereof,80,50.325596,14,107.0,4874.0,0.18,-399,79.0,32.0
LBY,Import,Raw hides and skins (other than furskins) and leather,41,591.5782,-1,146.0,4476.0,0.42,1795,994.0,-40.0
LBY,Import,"Manufactures of straw, of esparto or of other plaiting materials; basketware and wickerwork",46,466.63382,4,59.0,6827.0,0.43,-2356,771.0,47.0
LBY,Import,"Ships, boats and floating structures",89,380.54382,3,83.0,6908.0,0.44,-54917,630.0,28.0
LBY,Import,Cork and articles of cork,45,281.44708,5,97.0,3766.0,0.86,-418,465.0,26.0
LBY,Import,"Live trees and other plants; bulbs, roots and the like; cut flowers and ornamental foliage",6,166.08478,4,73.0,1569.0,0.54,-13751,267.0,74.0
MAR,Import,"Railway or tramway locomotives, rolling stock and parts thereof; railway or tramway track fixtures ...",86,243.53763,8,69.0,1439.0,0.57,-42019,412.0,-32.0
MAR,Import,Live animals,1,211.53561,4,24.0,1831.0,0.48,-277737,349.0,21.0
MAR,Import,Arms and ammunition; parts and accessories thereof,93,150.70544,11,43.0,4643.0,0.41,-38513,278.0,53.0
MAR,Import,Headgear and parts thereof,65,54.251793,12,51.0,8134.0,0.33,-23589,87.0,26.0
MAR,Import,Edible vegetables and certain roots and tubers,7,44.903385,7,54.0,5271.0,0.17,1624958,71.0,24.0
OMN,Import,"Wool, fine or coarse animal hair; horsehair yarn and woven fabric",51,776.92267,1,131.0,1205.0,0.46,-137,1290.0,33.0
OMN,Import,"Ships, boats and floating structures",89,120.678635,3,80.0,4751.0,0.35,122662,205.0,-22.0
OMN,Import,"Works of art, collectors' pieces and antiques",97,95.01821,3,41.0,1902.0,0.38,-11216,124.0,70.0
OMN,Import,"Aircraft, spacecraft, and parts thereof",88,74.66191,-3,62.0,3390.0,0.2,78456,122.0,16.0
OMN,Import,"Products of animal origin, not elsewhere specified or included",5,62.292305,2,57.0,1862.0,0.51,-16537,93.0,78.0
QAT,Import,"Aircraft, spacecraft, and parts thereof",88,514.3739,-3,28.0,9593.0,0.4,-834190,861.0,-20.0
QAT,Import,Knitted or crocheted fabrics,60,88.93607,4,93.0,5562.0,0.29,-32585,141.0,54.0
QAT,Import,Nickel and articles thereof,75,87.043,16,41.0,5363.0,0.19,-47238,142.0,19.0
QAT,Import,"Ships, boats and floating structures",89,55.46882,3,48.0,6114.0,0.37,362895,96.0,-20.0
QAT,Import,"Ores, slag and ash",26,39.8707,10,42.0,5998.0,0.34,-448191,66.0,2.0
SD,Import,Raw hides and skins (other than furskins) and leather,41,940.71735,-1,139.0,,0.53,13325,1568.0,-1.0
SD,Import,Products of the milling industry; malt; starches; inulin; wheat gluten,11,143.95326,12,23.0,,0.61,-347687,215.0,146.0
SD,Import,"Wool, fine or coarse animal hair; horsehair yarn and woven fabric",51,141.5177,1,174.0,,0.41,-8,243.0,-37.0
SD,Import,"Beverages, spirits and vinegar",22,89.04282,6,154.0,,0.19,-23605,165.0,26.0
SD,Import,"Soap, organic surface-active agents, washing preparations, lubricating preparations, artificial ...",34,65.64925,6,86.0,,0.23,-115197,106.0,38.0
UEA,Import,"Works of art, collectors' pieces and antiques",97,136.28264,3,8.0,6429.0,0.14,-73040,245.0,-18.0
UEA,Import,Cork and articles of cork,45,46.67228,5,29.0,5533.0,0.1,29670,75.0,17.0
UEA,Import,Tin and articles thereof,80,43.44668,14,34.0,5864.0,0.18,29817,70.0,24.0
UEA,Import,"Ships, boats and floating structures",89,32.001553,3,21.0,5926.0,0.36,-552759,48.0,31.0
UEA,Import,"Aircraft, spacecraft, and parts thereof",88,28.282698,-3,14.0,8623.0,0.27,1434662,48.0,-6.0
YEM,Import,Raw hides and skins (other than furskins) and leather,41,5077.9614,-1,121.0,4346.0,0.95,11056,8467.0,-20.0
YEM,Import,Silk,50,1730.8433,3,134.0,2161.0,0.9,-37,1731.0,
YEM,Import,"Wool, fine or coarse animal hair; horsehair yarn and woven fabric",51,515.2357,1,136.0,6402.0,0.53,-90,912.0,-8.0
YEM,Import,"Tobacco and manufactured tobacco substitutes; products, whether or not containing nicotine, ...",24,366.4164,3,33.0,2450.0,0.62,-373388,603.0,56.0
YEM,Import,"Printed books, newspapers, pictures and other products of the printing industry; manuscripts, ...",49,344.81027,2,123.0,2292.0,0.44,-17335,568.0,47.0
